<?xml version="1.0" encoding="UTF-8"?>
<beans xmlns="http://www.springframework.org/schema/beans"
       xmlns:xsi="http://www.w3.org/2001/XMLSchema-instance"
       xmlns:security="http://www.springframework.org/schema/security"
       xmlns:webflow-config="http://www.springframework.org/schema/webflow-config"
       xsi:schemaLocation="http://www.springframework.org/schema/beans 
       http://www.springframework.org/schema/beans/spring-beans.xsd 
       http://www.springframework.org/schema/security 
       http://www.springframework.org/schema/security/spring-security.xsd 
       http://www.springframework.org/schema/webflow-config 
       http://www.springframework.org/schema/webflow-config/spring-webflow-config.xsd">
       
       
       <bean id="dataSource" class="org.apache.commons.dbcp.BasicDataSource" destroy-method="close">
        	<property name="driverClassName" value="org.h2.Driver" />
        	<property name="url" value="jdbc:h2:tcp://localhost/~/test" />
        	<property name="username" value="sa" />
        	<property name="password" value="" />
	   </bean>
       
       
       <!-- Hibernate 4 SessionFactory Bean definition -->
    
    <bean id="sessionFactory"  class="org.springframework.orm.hibernate4.LocalSessionFactoryBean">
        <property name="dataSource" ref="dataSource" />  
          
        <property name="hibernateProperties">
            <props>
                <prop key="hibernate.dialect">org.hibernate.dialect.H2Dialect</prop>
                <prop key="hibernate.show_sql">true</prop>
                <prop key="hibernate.hbm2ddl.auto">update</prop>               
            </props>
        </property>
        
	 	<property name="packagesToScan">
	      	<list>
	      		<value>com.collaboration</value>
	      	</list>
     	</property>
   </bean>
   
   <!--  Spring Security -->
	<security:http auto-config="true">
	<security:intercept-url pattern="/admin/**" access="ROLE_ADMIN" />
       <security:intercept-url pattern="/user/**" access="ROLE_USER" />
       <security:intercept-url pattern="/musicprod/showitem/**" access="ROLE_USER,ROLE_ADMIN" />
       <security:form-login
           login-page="/login"
           default-target-url="/"
           authentication-failure-url="/login?error"
           username-parameter="username"
           password-parameter="password" />
       <security:logout logout-success-url="/login?logout" />
   </security:http>
 
	<security:authentication-manager>
       <security:authentication-provider>
           <security:jdbc-user-service data-source-ref="dataSource"
                                       authorities-by-username-query="SELECT username, role from userrole WHERE username = ?"
                                       users-by-username-query="SELECT username, password, enabled FROM users WHERE username = ?" />
       </security:authentication-provider>
   </security:authentication-manager>

	
    <bean id="transactionManager" class="org.springframework.orm.hibernate4.HibernateTransactionManager">
        <property name="sessionFactory" ref="sessionFactory" />
    </bean>
    
    
    <bean id="multipartResolver" class="org.springframework.web.multipart.commons.CommonsMultipartResolver">
        <property name="maxUploadSize" value="1024000" />
    </bean>
    
      
    <!-- Web flow -->
    
    <!-- WebFlow Configuration -->
    <webflow-config:flow-executor id="flowExecutor" flow-registry="flowRegistry" />
    
    <!-- Load flow definitions and make them available to the flow executor -->
    <webflow-config:flow-registry id="flowRegistry" base-path="/WEB-INF/views">
       <webflow-config:flow-location path="/userCheckoutFlow.xml" id="checkout" />
    </webflow-config:flow-registry> 
   
   
	<bean id="flowHandlerMapping" class="org.springframework.webflow.mvc.servlet.FlowHandlerMapping">
       <property name="flowRegistry" ref="flowRegistry" />
    </bean>
   
   <bean id="flowHandlerAdapter" class="org.springframework.webflow.mvc.servlet.FlowHandlerAdapter">
       <property name="flowExecutor" ref="flowExecutor" />
   </bean>
    
   
</beans>